{"cameraMode":{"drawMode":0,"name":"Shaded","section":"Shading Mode"},"sceneLighting":false,"audioPlay":false,"sceneViewState":{"showFog":true,"showMaterialUpdate":false,"showSkybox":true,"showFlares":true,"showImageEffects":true,"showParticleSystems":true},"in2DMode":false,"pivot":{"x":16.972448348999025,"y":63.49611282348633,"z":94.5649185180664},"rotation":{"x":0.010078199207782746,"y":-0.9762815237045288,"z":0.21118758618831635,"w":0.04661177843809128},"size":22.0,"orthographic":false}