{"cameraMode":{"drawMode":0,"name":"Shaded","section":"Shading Mode"},"sceneLighting":true,"audioPlay":false,"sceneViewState":{"showFog":true,"showMaterialUpdate":false,"showSkybox":true,"showFlares":true,"showImageEffects":true,"showParticleSystems":true},"in2DMode":false,"pivot":{"x":-6.941707134246826,"y":-5.583209991455078,"z":-3.1332807540893556},"rotation":{"x":-0.012587110511958599,"y":-0.9279822707176209,"z":0.3710794150829315,"w":-0.03147343173623085},"size":15.160385131835938,"orthographic":false}