{"cameraMode":{"drawMode":0,"name":"Shaded","section":"Shading Mode"},"sceneLighting":false,"audioPlay":false,"sceneViewState":{"showFog":true,"showMaterialUpdate":false,"showSkybox":true,"showFlares":true,"showImageEffects":true,"showParticleSystems":true},"in2DMode":false,"pivot":{"x":-3.1977663040161135,"y":-2.874776840209961,"z":-2.5722315311431886},"rotation":{"x":-0.22208116948604585,"y":0.30180642008781435,"z":-0.0725146159529686,"w":-0.9243021607398987},"size":0.6481986045837402,"orthographic":false}