{"cameraMode":{"drawMode":0,"name":"Shaded","section":"Shading Mode"},"sceneLighting":true,"audioPlay":false,"sceneViewState":{"showFog":true,"showMaterialUpdate":false,"showSkybox":true,"showFlares":true,"showImageEffects":true,"showParticleSystems":true},"in2DMode":false,"pivot":{"x":-6.201916694641113,"y":-3.2581753730773927,"z":-0.2986412048339844},"rotation":{"x":-0.031592775136232379,"y":0.9498579502105713,"z":-0.1021360531449318,"w":-0.29383668303489687},"size":6.958361625671387,"orthographic":false}