{"cameraMode":{"drawMode":0,"name":"Shaded","section":"Shading Mode"},"sceneLighting":false,"audioPlay":false,"sceneViewState":{"showFog":true,"showMaterialUpdate":false,"showSkybox":true,"showFlares":true,"showImageEffects":true,"showParticleSystems":true},"in2DMode":false,"pivot":{"x":-9.472999572753907,"y":-0.9020000100135803,"z":-1.152999997138977},"rotation":{"x":-0.2244439274072647,"y":0.7141712307929993,"z":-0.2634604871273041,"w":-0.6084184646606445},"size":0.7236010432243347,"orthographic":false}